"","Phase","adj_loc","sample_date","influent_composition","sample_type","location_code_orig","batch_end_or_start","biofilm_area_collected_cm2","total_ATP_gmean_nM","total_ATP_gstd_nM","extra_ATP_gmean_nM","extra_ATP_gstd_nM","intra_ATP_gmean_nM","intra_ATP_gstd_nM","total_ATP_gmean_ng_cm2","total_ATP_gstd_ng_cm2","extra_ATP_gmean_ng_cm2","extra_ATP_gstd_ng_cm2","intra_ATP_gmean_ng_cm2","intra_ATP_gstd_ng_cm2","total_ATP_gmean_nM_MDL","intra_ATP_gmean_nM_MDL","total_ATP_gmean_ng_cm2_MDL","intra_ATP_gmean_ng_cm2_MDL"
"1","Phase 1","conventional control loop",2017-11-13,"100% conventional","bulkwater","Loop_5","Batch_End",NA,0.000440290010390624,1.04324556585395,0.000439268008263298,1,1.02200212732581e-06,1.44511636578994,NA,NA,NA,NA,NA,NA,0.000440290010390624,1.83e-05,NA,NA
"2","Phase 1","transition loops (Phase 1)",2017-11-02,"100% conventional","bulkwater","Loop_2","Batch_End",NA,0.00105076895753687,1.06113118257209,0.000846863952697083,1,0.000203905004839792,1.45808072020271,NA,NA,NA,NA,NA,NA,0.00105076895753687,0.000203905004839792,NA,NA
"3","Phase 1","transition loops (Phase 1)",2017-12-29,"100% conventional","biofilm","Loop_1","Batch_End",39.27,NA,NA,NA,NA,NA,NA,0.0464611330367246,1.0549000800553,0.0253015662945865,1.01705278719033,0.0211595667421381,1.46533632686571,NA,NA,0.0464611330367246,0.0211595667421381
"6","Phase 1","transition loops (Phase 1)",2017-12-29,"100% conventional","biofilm","Loop_2","Batch_End",39.27,NA,NA,NA,NA,NA,NA,0.0297241432447859,1.12237527427875,0.0122205374010457,1.03078737633003,0.0175036058437402,1.52389267060172,NA,NA,0.0297241432447859,0.0175036058437402
"7","Phase 2","transition loops (Phase 2)",2018-01-11,"90% advanced
10% conventional","bulkwater","Loop_1","Batch_End",NA,0.068394231857124,1.03027609239048,0.0638651535912,1.00232559436166,0.00452907826592397,1.4374023179555,NA,NA,NA,NA,NA,NA,0.068394231857124,0.00452907826592397,NA,NA
"8","Phase 2","transition loops (Phase 2)",2018-01-08,"90% advanced
10% conventional","bulkwater","Loop_2","Batch_Start",NA,NA,NA,NA,NA,NA,NA,NA,NA,NA,NA,NA,NA,NA,NA,NA,NA
"9","Phase 1","advanced blend loops",2017-12-29,"90% advanced
10% conventional","biofilm","Loop_3","Batch_End",39.27,NA,NA,NA,NA,NA,NA,0.0156072454565895,1.01282309009948,0.00695578092865829,1.01335892221059,0.00865146452793122,1.43272709092223,NA,NA,0.0156072454565895,0.00865146452793122
"11","Phase 1","advanced blend loops",2017-11-09,"90% advanced
10% conventional","bulkwater","Loop_3","Batch_End",NA,0.000306072850140579,1.00723202684033,0.000303525288090096,1.0036420442091,2.54756205048302e-06,1.42190495772295,NA,NA,NA,NA,NA,NA,0.000306072850140579,1.83e-05,NA,NA
"13","Phase 1","advanced blend loops",2017-12-29,"90% advanced
10% conventional","biofilm","Loop_4","Batch_End",39.27,NA,NA,NA,NA,NA,NA,0.0483796929474107,1.04406181457599,0.0134197992715331,1.00962199326644,0.0349598936758776,1.4523779266923,NA,NA,0.0483796929474107,0.0349598936758776
"14","Phase 1","conventional feedwater",2017-12-18,"100% conventional","bulkwater","conventional_feed","Batch_End",NA,0.000327061683969459,1.11141545639004,0.000276160141181626,1.00378889036042,5.09015427878332e-05,1.49761024739873,NA,NA,NA,NA,NA,NA,0.000327061683969459,5.09015427878332e-05,NA,NA
"15","Phase 1","transition loops (Phase 1)",2017-12-07,"100% conventional","bulkwater","Loop_1","Batch_End",NA,0.0186719547843671,1.03629913907125,0.000481761417518748,1.00400893525981,0.0181901933668483,1.4428963399085,NA,NA,NA,NA,NA,NA,0.0186719547843671,0.0181901933668483,NA,NA
"16","Phase 1","conventional control loop",2018-01-05,"100% conventional","bulkwater","Loop_5","Batch_End",NA,0.00320782343989753,1.0228806173853,0.00168978203385861,1.00372348211192,0.00151804140603892,1.43308952475601,NA,NA,NA,NA,NA,NA,0.00320782343989753,0.00151804140603892,NA,NA
"17","Phase 1","conventional control loop",2017-12-29,"100% conventional","biofilm","Loop_5","Batch_End",39.27,NA,NA,NA,NA,NA,NA,0.0207270608365581,1.01233253827185,0.0137542314302405,1.04164153185103,0.00697282940631757,1.45252684963855,NA,NA,0.0207270608365581,0.00697282940631757
"19","Phase 1","advanced blend loops",2018-01-01,"90% advanced
10% conventional","bulkwater","Loop_3","Batch_End",NA,0.00482545811010986,1.01879801040988,0.00475493403844148,1.00427444279533,7.0524071668375e-05,1.43056511297704,NA,NA,NA,NA,NA,NA,0.00482545811010986,7.0524071668375e-05,NA,NA
"20","Phase 1","transition loops (Phase 1)",2017-11-09,"100% conventional","bulkwater","Loop_2","Batch_End",NA,0.00117177097803,1.01160141932412,0.00110538405363434,1.00463615101754,6.63869243956602e-05,1.42570376569255,NA,NA,NA,NA,NA,NA,0.00117177097803,6.63869243956602e-05,NA,NA
"21","Phase 2","full-scale
distribution system
",2018-03-01,"not applicable","bulkwater","DWDS_328",NA,NA,0.00295900114775885,1.24137742059103,0.00129733775936646,1.00515370935362,0.00166166338839239,1.59729517615893,NA,NA,NA,NA,NA,NA,0.00295900114775885,0.00166166338839239,NA,NA
"23","Phase 2","conventional control loop",2018-01-11,"100% conventional","bulkwater","Loop_5","Batch_End",NA,0.00107625277894215,1.0193311574344,0.00124533213580292,1.00559225809158,0,1.43187003532104,NA,NA,NA,NA,NA,NA,0.00107625277894215,1.83e-05,NA,NA
"24","Phase 2","advanced blend loops",2018-01-11,"90% advanced
10% conventional","bulkwater","Loop_3","Batch_End",NA,0.0397447002893197,1.02209102472635,0.0372133529427871,1.00571385236781,0.00253134734653258,1.43392134221883,NA,NA,NA,NA,NA,NA,0.0397447002893197,0.00253134734653258,NA,NA
"25","Phase 1","transition loops (Phase 1)",2018-01-05,"100% conventional","biofilm","Loop_1","Batch_End",39.27,NA,NA,NA,NA,NA,NA,0.0685713984069545,1.03267015789937,0.0482950676701695,1.01064679340316,0.0202763307367849,1.44492719402467,NA,NA,0.0685713984069545,0.0202763307367849
"29","Phase 1","transition loops (Phase 1)",2017-11-02,"100% conventional","bulkwater","Loop_1","Batch_End",NA,0.00130667506053019,1.0056553166106,0.00108311216426476,1.00758096134606,0.000223562896265424,1.42357367547107,NA,NA,NA,NA,NA,NA,0.00130667506053019,0.000223562896265424,NA,NA
"31","Phase 2","transition loops (Phase 2)",2018-01-15,"90% advanced
10% conventional","bulkwater","Loop_2","Batch_End",NA,0.0158475623130796,1.01699039314804,0.0110077009796288,1.00692731375258,0.00483986133345086,1.43114362484567,NA,NA,NA,NA,NA,NA,0.0158475623130796,0.00483986133345086,NA,NA
"32","Phase 1","transition loops (Phase 1)",2018-01-05,"100% conventional","biofilm","Loop_2","Batch_End",39.27,NA,NA,NA,NA,NA,NA,0.0259838617608466,1.02445560997813,0.02490512653968,1.00866139795653,0.00107873522116662,1.43767420250322,NA,NA,0.0259838617608466,0.00107873522116662
"34","Phase 2","transition loops (Phase 2)",2018-01-08,"90% advanced
10% conventional","bulkwater","Loop_2","Batch_End",NA,0.004702829232803,1.01128447753486,0.0044937633389643,1.00713284973824,0.000209065893838699,1.42723959849943,NA,NA,NA,NA,NA,NA,0.004702829232803,0.000209065893838699,NA,NA
"37","Phase 2","advanced blend loops",2018-01-11,"90% advanced
10% conventional","bulkwater","Loop_4","Batch_End",NA,0.0212227426587259,1.02665826552267,0.0171926687959368,1.00722481241751,0.00403007386278911,1.43823816418406,NA,NA,NA,NA,NA,NA,0.0212227426587259,0.00403007386278911,NA,NA
"38","Phase 1","advanced blend loops",2018-01-05,"90% advanced
10% conventional","biofilm","Loop_3","Batch_End",39.27,NA,NA,NA,NA,NA,NA,0.00843985235760315,1,0.00595369795404638,1.03230378597251,0.00248615440355677,1.4372373174021,NA,NA,0.00843985235760315,0.00248615440355677
"39","Phase 1","advanced feedwater",2017-12-04,"100% advanced","bulkwater","advanced_feed","Batch_End",NA,0.11526866162934,1.03111129260785,0.000630470668539989,1.00838104502678,0.1146381909608,1.44222842494271,NA,NA,NA,NA,NA,NA,0.11526866162934,0.1146381909608,NA,NA
"43","Phase 1","advanced blend loops",2017-12-18,"90% advanced
10% conventional","bulkwater","Loop_3","Batch_End",NA,0.000206190681461274,1.02198770578841,0.000201477042280609,1.00885458292272,4.7136391806651e-06,1.43605238075317,NA,NA,NA,NA,NA,NA,0.000206190681461274,1.83e-05,NA,NA
"44","Phase 2","conventional feedwater",2018-03-22,"100% conventional","bulkwater","conventional_feed","Batch_End",NA,0.000265703625897201,1.09211024789672,0.000309522476763194,1.00955304967679,0,1.48724650064229,NA,NA,NA,NA,NA,NA,0.000265703625897201,1.83e-05,NA,NA
"45","Phase 1","advanced blend loops",2018-01-05,"90% advanced
10% conventional","biofilm","Loop_4","Batch_End",39.27,NA,NA,NA,NA,NA,NA,0.0387448586769901,1.02012405821629,0.0199553198215898,1.00556320147271,0.0187895388554003,1.43241420207554,NA,NA,0.0387448586769901,0.0187895388554003
"46","Phase 1","conventional control loop",2018-01-05,"100% conventional","biofilm","Loop_5","Batch_End",39.27,NA,NA,NA,NA,NA,NA,0.0355731830607483,1.01164423243121,0.0334837594003886,1.00349605214328,0.00208942366035977,1.4249310087434,NA,NA,0.0355731830607483,0.00208942366035977
"48","Phase 2","advanced blend loops",2018-01-18,"90% advanced
10% conventional","bulkwater","Loop_4","Batch_End",NA,0.00330783220387089,1.03087539323539,0.00491957751650149,1.00963523449254,0,1.44293706831137,NA,NA,NA,NA,NA,NA,0.00330783220387089,1.83e-05,NA,NA
"50","Phase 2","transition loops (Phase 2)",2018-01-08,"90% advanced
10% conventional","bulkwater","Loop_1","Batch_Start",NA,NA,NA,NA,NA,NA,NA,NA,NA,NA,NA,NA,NA,NA,NA,NA,NA
"52","Phase 1","transition loops (Phase 1)",2017-11-09,"100% conventional","bulkwater","Loop_1","Batch_End",NA,0.000640945957480025,1.00898112370507,0.000638963802913903,1.00952547568095,1.98215456612236e-06,1.42729975619769,NA,NA,NA,NA,NA,NA,0.000640945957480025,1.83e-05,NA,NA
"54","Phase 2","advanced blend loops",2018-01-08,"90% advanced
10% conventional","bulkwater","Loop_3","Batch_End",NA,0.00386297071065862,1.01355264903582,0.00367029461940608,1.00975338487292,0.000192676091252546,1.43069593926517,NA,NA,NA,NA,NA,NA,0.00386297071065862,0.000192676091252546,NA,NA
"55","Phase 1","advanced blend loops",2017-12-07,"90% advanced
10% conventional","bulkwater","Loop_3","Batch_End",NA,0.00105526749086818,1.23596882601636,0.000960046161222356,1.01028013479994,9.52213296458207e-05,1.5963348300578,NA,NA,NA,NA,NA,NA,0.00105526749086818,9.52213296458207e-05,NA,NA
"56","Phase 2","advanced blend loops",2018-01-15,"90% advanced
10% conventional","bulkwater","Loop_4","Batch_End",NA,0.00446934066428187,1.00352986517206,0.00370193814657892,1.01020082061072,0.000767402517702941,1.42393043659261,NA,NA,NA,NA,NA,NA,0.00446934066428187,0.000767402517702941,NA,NA
"57","Phase 1","transition loops (Phase 1)",2018-01-01,"100% conventional","bulkwater","Loop_2","Batch_End",NA,0.00277606121725488,1.00203867265567,0.00283996684527229,1.01008223772492,0,1.42279570861909,NA,NA,NA,NA,NA,NA,0.00277606121725488,1.83e-05,NA,NA
"59","Phase 1","conventional feedwater",2018-01-01,"100% conventional","bulkwater","conventional_feed","Batch_End",NA,0.00147974465115306,1.01543502480474,0.00155629713618595,1.01034682136686,0,1.43244859909399,NA,NA,NA,NA,NA,NA,0.00147974465115306,1.83e-05,NA,NA
"61","Phase 1","advanced blend loops",2018-01-01,"90% advanced
10% conventional","bulkwater","Loop_4","Batch_End",NA,0.00405369236449801,1.12716952191133,0.00398177779568069,1.01051249603009,7.19145688173163e-05,1.51381856104315,NA,NA,NA,NA,NA,NA,0.00405369236449801,7.19145688173163e-05,NA,NA
"63","Phase 1","advanced blend loops",2017-11-09,"90% advanced
10% conventional","bulkwater","Loop_4","Batch_End",NA,0.000231255580765526,1.00950282503654,0.000174303644440175,1.01075586143272,5.69519363253512e-05,1.42853889172727,NA,NA,NA,NA,NA,NA,0.000231255580765526,5.69519363253512e-05,NA,NA
"64","Phase 1","advanced blend loops",2017-12-18,"90% advanced
10% conventional","bulkwater","Loop_4","Batch_End",NA,0.000194893375556341,1.03706616012122,0.000187883554259316,1.01096618853304,7.0098212970246e-06,1.44829515459577,NA,NA,NA,NA,NA,NA,0.000194893375556341,1.83e-05,NA,NA
"65","Phase 2","transition loops (Phase 2)",2018-01-08,"90% advanced
10% conventional","bulkwater","Loop_1","Batch_End",NA,0.00864605372385578,1.01785956991462,0.00739721485914136,1.01112453735976,0.00124883886471443,1.43471632531235,NA,NA,NA,NA,NA,NA,0.00864605372385578,0.00124883886471443,NA,NA
"67","Phase 2","transition loops (Phase 2)",2018-01-11,"90% advanced
10% conventional","bulkwater","Loop_2","Batch_End",NA,0.0751856359180036,1.22012256148198,0.0719248487079963,1.01119074672067,0.00326078721000729,1.58467845044061,NA,NA,NA,NA,NA,NA,0.0751856359180036,0.00326078721000729,NA,NA
"68","Phase 1","conventional control loop",2017-12-04,"100% conventional","bulkwater","Loop_5","Batch_End",NA,0.000804237719002651,1.02008023937458,0.000322902304614835,1.0117667469104,0.000481335414387816,1.43674480855723,NA,NA,NA,NA,NA,NA,0.000804237719002651,0.000481335414387816,NA,NA
"69","Phase 1","conventional feedwater",2017-11-27,"100% conventional","bulkwater","conventional_feed","Batch_End",NA,0.00260674618086893,1.0301220025468,0.00101645228565838,1.01137974376869,0.00159029389521056,1.4436205617255,NA,NA,NA,NA,NA,NA,0.00260674618086893,0.00159029389521056,NA,NA
"70","Phase 2","transition loops (Phase 2)",2018-01-11,"90% advanced
10% conventional","biofilm","Loop_1","Batch_End",39.27,NA,NA,NA,NA,NA,NA,0.327532276050632,1.00732305030209,0.250265117537438,1.03807107777652,0.0772671585131934,1.44647547168488,NA,NA,0.327532276050632,0.0772671585131934
"72","Phase 2","advanced blend loops",2018-01-15,"90% advanced
10% conventional","bulkwater","Loop_3","Batch_End",NA,0.00851979312093547,1.01311882437265,0.00645365757594058,1.01199666811413,0.00206613554499489,1.43197311726594,NA,NA,NA,NA,NA,NA,0.00851979312093547,0.00206613554499489,NA,NA
"73","Phase 2","transition loops (Phase 2)",2018-01-11,"90% advanced
10% conventional","biofilm","Loop_2","Batch_End",39.27,NA,NA,NA,NA,NA,NA,0.233810453122996,1.00251040566412,0.198674445856889,1.00372990283476,0.0351360072661073,1.41862638890919,NA,NA,0.233810453122996,0.0351360072661073
"74","Phase 1","advanced blend loops",2017-11-20,"90% advanced
10% conventional","bulkwater","Loop_4","Batch_End",NA,8.59500154055719e-05,1.02420968386739,7.94564907982303e-05,1.01181910406209,6.49352460734169e-06,1.43971642203343,NA,NA,NA,NA,NA,NA,1e-04,1.83e-05,NA,NA
"77","Phase 2","advanced blend loops",2018-01-11,"90% advanced
10% conventional","biofilm","Loop_3","Batch_End",39.27,NA,NA,NA,NA,NA,NA,0.172287929475897,1.00658106944356,0.156531408484647,1.02327829715185,0.0157565209912498,1.43537588205464,NA,NA,0.172287929475897,0.0157565209912498
"78","Phase 2","advanced blend loops",2018-01-11,"90% advanced
10% conventional","biofilm","Loop_4","Batch_End",39.27,NA,NA,NA,NA,NA,NA,0.184902194185863,1.0103097420233,0.10653004619565,1.0205937323217,0.0783721479902126,1.43608403002106,NA,NA,0.184902194185863,0.0783721479902126
"79","Phase 1","transition loops (Phase 1)",2017-12-18,"100% conventional","bulkwater","Loop_2","Batch_End",NA,0.00192459999788364,1.02207058631787,0.00166459588845513,1.01210106661139,0.000260004109428509,1.43839384469347,NA,NA,NA,NA,NA,NA,0.00192459999788364,0.000260004109428509,NA,NA
"80","Phase 1","conventional control loop",2017-11-20,"100% conventional","bulkwater","Loop_5","Batch_End",NA,0.000498076709634647,1.00211835259309,0.000481651996366078,1.01226087499808,1.64247132685683e-05,1.42439926693879,NA,NA,NA,NA,NA,NA,0.000498076709634647,1.83e-05,NA,NA
"81","Phase 1","advanced blend loops",2017-11-02,"90% advanced
10% conventional","bulkwater","Loop_4","Batch_End",NA,0.000831117332512261,1.00937026697511,0.000692323558279298,1.01443631523242,0.000138793774232963,1.43105184165904,NA,NA,NA,NA,NA,NA,0.000831117332512261,0.000138793774232963,NA,NA
"83","Phase 1","advanced blend loops",2017-11-13,"90% advanced
10% conventional","bulkwater","Loop_4","Batch_End",NA,0.000260525719201482,1.01656084380369,0.000233310797586488,1.01221552695603,2.72149216149946e-05,1.43456481978534,NA,NA,NA,NA,NA,NA,0.000260525719201482,2.72149216149946e-05,NA,NA
"84","Phase 2","conventional control loop",2018-01-11,"100% conventional","biofilm","Loop_5","Batch_End",39.27,NA,NA,NA,NA,NA,NA,0.0160160372423771,1.02146503187697,0.0133507309923579,1.01476367853921,0.0026653062500192,1.43983892662681,NA,NA,0.0160160372423771,0.0026653062500192
"85","Phase 2","conventional control loop",2018-01-08,"100% conventional","bulkwater","Loop_5","Batch_End",NA,0.00150897415251898,1.04002337120806,0.00139683462971256,1.01259591731762,0.00011213952280642,1.45155058624469,NA,NA,NA,NA,NA,NA,0.00150897415251898,0.00011213952280642,NA,NA
"87","Phase 2","advanced feedwater",2018-02-15,"100% advanced","bulkwater","advanced_feed","Batch_End",NA,0.0843030083796856,1.02940000969263,0.00179535066812427,1.01968322333081,0.0825076577115613,1.44893693993131,NA,NA,NA,NA,NA,NA,0.0843030083796856,0.0825076577115613,NA,NA
"88","Phase 2","advanced blend loops",2018-01-08,"90% advanced
10% conventional","bulkwater","Loop_4","Batch_Start",NA,NA,NA,NA,NA,NA,NA,NA,NA,NA,NA,NA,NA,NA,NA,NA,NA
"89","Phase 2","transition loops (Phase 2)",2018-01-15,"90% advanced
10% conventional","biofilm","Loop_1","Batch_End",39.27,NA,NA,NA,NA,NA,NA,0.105888402498883,1.10060077306549,0.0706177764788532,1.00402803342928,0.03527062602003,1.48976318708183,NA,NA,0.105888402498883,0.03527062602003
"90","Phase 2","transition loops (Phase 2)",2018-01-15,"90% advanced
10% conventional","biofilm","Loop_2","Batch_End",39.27,NA,NA,NA,NA,NA,NA,0.0726621958016303,1.17079877760318,0.0676642676154116,1.02658226534842,0.00499792818621876,1.55712585399029,NA,NA,0.0726621958016303,0.00499792818621876
"91","Phase 1","transition loops (Phase 1)",2017-12-07,"100% conventional","bulkwater","Loop_2","Batch_End",NA,0.00180784835010217,1.11920071417494,0.000786929414993927,1.01423024990302,0.00102091893510824,1.51038843958368,NA,NA,NA,NA,NA,NA,0.00180784835010217,0.00102091893510824,NA,NA
"95","Phase 2","advanced blend loops",2018-01-15,"90% advanced
10% conventional","biofilm","Loop_3","Batch_End",39.27,NA,NA,NA,NA,NA,NA,0.0953066554690399,1.04510491516424,0.0484981982192389,1.00943218912956,0.046808457249801,1.45299608676395,NA,NA,0.0953066554690399,0.046808457249801
"96","Phase 1","transition loops (Phase 1)",2018-01-01,"100% conventional","bulkwater","Loop_1","Batch_End",NA,0.00265960498041236,1.10839455286276,0.00242834699300459,1.01398754678219,0.000231257987407768,1.50223474525295,NA,NA,NA,NA,NA,NA,0.00265960498041236,0.000231257987407768,NA,NA
"97","Phase 2","advanced feedwater",2018-01-29,"100% advanced","bulkwater","advanced_feed","Batch_End",NA,0.0464429658827388,1.05957659055607,0.000555848831392498,1.01479951166245,0.0458871170513463,1.46714709559907,NA,NA,NA,NA,NA,NA,0.0464429658827388,0.0458871170513463,NA,NA
"98","Phase 2","transition loops (Phase 2)",2018-01-15,"90% advanced
10% conventional","bulkwater","Loop_1","Batch_End",NA,0.0116997591209591,1.02499810518404,0.00749908150013034,1.01471394321316,0.00420067762082873,1.44231255356877,NA,NA,NA,NA,NA,NA,0.0116997591209591,0.00420067762082873,NA,NA
"100","Phase 2","advanced blend loops",2018-01-15,"90% advanced
10% conventional","biofilm","Loop_4","Batch_End",39.27,NA,NA,NA,NA,NA,NA,0.0948412469931697,1.04307252378969,0.041982585751045,1.01269481376253,0.0528586612421247,1.4538057214451,NA,NA,0.0948412469931697,0.0528586612421247
"101","Phase 1","conventional control loop",2017-11-02,"100% conventional","bulkwater","Loop_5","Batch_End",NA,0.000474609048998595,1.01539906962981,0.000373602780102789,1.01778658093637,0.000101006268895806,1.43768035214342,NA,NA,NA,NA,NA,NA,0.000474609048998595,0.000101006268895806,NA,NA
"102","Phase 1","advanced blend loops",2018-01-05,"90% advanced
10% conventional","bulkwater","Loop_4","Batch_End",NA,0.00156508895223213,1.01215960356138,0.00115876909273557,1.01496402636395,0.000406319859496559,1.43339423673128,NA,NA,NA,NA,NA,NA,0.00156508895223213,0.000406319859496559,NA,NA
"104","Phase 2","conventional control loop",2018-01-18,"100% conventional","bulkwater","Loop_5","Batch_End",NA,0.00178362978763393,1.03017249595093,0.00227865076787647,1.01618200061384,0,1.44702495824548,NA,NA,NA,NA,NA,NA,0.00178362978763393,1.83e-05,NA,NA
"105","Phase 1","conventional feedwater",2017-12-04,"100% conventional","bulkwater","conventional_feed","Batch_End",NA,0.000558923022077922,1.02048097050187,0.000554792941384363,1.0167437528969,4.13008069355923e-06,1.44053784060374,NA,NA,NA,NA,NA,NA,0.000558923022077922,1.83e-05,NA,NA
"108","Phase 2","conventional control loop",2018-01-15,"100% conventional","biofilm","Loop_5","Batch_End",39.27,NA,NA,NA,NA,NA,NA,0.0187424018706683,1.04449854927259,0.0137823553000788,1.02007802401447,0.00496004657058953,1.45997821713538,NA,NA,0.0187424018706683,0.00496004657058953
"110","Phase 1","advanced feedwater",2017-11-02,"100% advanced","bulkwater","advanced_feed","Batch_End",NA,0.0125601677207365,1.02590106260803,0.0015790651855722,1.01938050640286,0.0109811025351643,1.44623981659144,NA,NA,NA,NA,NA,NA,0.0125601677207365,0.0109811025351643,NA,NA
"112","Phase 2","transition loops (Phase 2)",2018-01-18,"90% advanced
10% conventional","biofilm","Loop_1","Batch_End",39.27,NA,NA,NA,NA,NA,NA,0.100632148235885,1.02826032769121,0.0480810821582228,1.01211411832243,0.0525510660776617,1.442807779994,NA,NA,0.100632148235885,0.0525510660776617
"114","Phase 2","full-scale
distribution system
",2018-02-07,"not applicable","bulkwater","DWDS_63A",NA,NA,0.000520456483357619,1.23557440464387,0.000549465055493342,1.0180897625409,0,1.6009843453331,NA,NA,NA,NA,NA,NA,0.000520456483357619,1.83e-05,NA,NA
"115","Phase 2","transition loops (Phase 2)",2018-01-18,"90% advanced
10% conventional","biofilm","Loop_2","Batch_End",39.27,NA,NA,NA,NA,NA,NA,0.0940646266667002,1.02617698549019,0.0600314534385849,1.00763997825765,0.0340331732281153,1.43818549962542,NA,NA,0.0940646266667002,0.0340331732281153
"120","Phase 2","conventional control loop",2018-01-08,"100% conventional","bulkwater","Loop_5","Batch_Start",NA,NA,NA,NA,NA,NA,NA,NA,NA,NA,NA,NA,NA,NA,NA,NA,NA
"123","Phase 2","advanced blend loops",2018-01-08,"90% advanced
10% conventional","bulkwater","Loop_4","Batch_End",NA,0.00705758102506441,1.0354436324552,0.00673055886829575,1.01767608687127,0.00032702215676866,1.45182923712867,NA,NA,NA,NA,NA,NA,0.00705758102506441,0.00032702215676866,NA,NA
"124","Phase 2","advanced blend loops",2018-01-18,"90% advanced
10% conventional","bulkwater","Loop_3","Batch_End",NA,0.00419251762500531,1.00925480671419,0.00584506242554634,1.01817177280404,0,1.43362094844161,NA,NA,NA,NA,NA,NA,0.00419251762500531,1.83e-05,NA,NA
"125","Phase 2","advanced blend loops",2018-01-18,"90% advanced
10% conventional","biofilm","Loop_3","Batch_End",39.27,NA,NA,NA,NA,NA,NA,0.0865110655476308,1.02671124802222,0.0168463907064805,1.05312827778996,0.0696646748411503,1.47078725732044,NA,NA,0.0865110655476308,0.0696646748411503
"127","Phase 1","conventional control loop",2017-11-09,"100% conventional","bulkwater","Loop_5","Batch_End",NA,0.000697487807032889,1.04086301807629,0.00065806712839501,1.01824236032828,3.94206786378788e-05,1.45609523272545,NA,NA,NA,NA,NA,NA,0.000697487807032889,3.94206786378788e-05,NA,NA
"130","Phase 2","advanced blend loops",2018-01-18,"90% advanced
10% conventional","biofilm","Loop_4","Batch_End",39.27,NA,NA,NA,NA,NA,NA,0.193314235363923,1.01304590487712,0.0215713286953254,1.04899990499386,0.171742906668597,1.45830819995824,NA,NA,0.193314235363923,0.171742906668597
"131","Phase 2","conventional control loop",2018-01-18,"100% conventional","biofilm","Loop_5","Batch_End",39.27,NA,NA,NA,NA,NA,NA,0.028203055108932,1.00529766065325,0.0229382291314202,1.00973046848673,0.00526482597751177,1.42484350211009,NA,NA,0.028203055108932,0.00526482597751177
"132","Phase 2","transition loops (Phase 2)",2018-02-15,"90% advanced
10% conventional","bulkwater","Loop_2","Batch_End",NA,0.00210916827220302,1.03875296715505,0.00143716434374068,1.02556621986336,0.000672003928462334,1.45972387734744,NA,NA,NA,NA,NA,NA,0.00210916827220302,0.000672003928462334,NA,NA
"133","Phase 1","advanced blend loops",2017-11-02,"90% advanced
10% conventional","bulkwater","Loop_3","Batch_End",NA,0.000972039428032844,1.04006619447499,0.000711769251667536,1.02336655685221,0.000260270176365309,1.45911507379413,NA,NA,NA,NA,NA,NA,0.000972039428032844,0.000260270176365309,NA,NA
"134","Phase 2","transition loops (Phase 2)",2018-02-15,"90% advanced
10% conventional","biofilm","Loop_1","Batch_End",39.27,NA,NA,NA,NA,NA,NA,0.223381007715394,1.01728378594418,NA,NA,NA,NA,NA,NA,0.223381007715394,NA
"136","Phase 2","advanced blend loops",2018-02-19,"90% advanced
10% conventional","bulkwater","Loop_3","Batch_End",NA,0.00073881471050182,1.06418971771359,0.000882383006164073,1.02142740261971,0,1.47506396271815,NA,NA,NA,NA,NA,NA,0.00073881471050182,1.83e-05,NA,NA
"137","Phase 2","conventional feedwater",2018-02-15,"100% conventional","bulkwater","conventional_feed","Batch_End",NA,0.00445038314218173,1.09594785218581,0.00409903969511295,1.02966377094736,0.000351343447068779,1.50376500022851,NA,NA,NA,NA,NA,NA,0.00445038314218173,0.000351343447068779,NA,NA
"139","Phase 2","full-scale
distribution system
",2018-02-07,"not applicable","bulkwater","DWDS_329",NA,NA,0.000460222159711694,1.3656903953271,0.000620352116408464,1.02227222032114,0,1.70591639546873,NA,NA,NA,NA,NA,NA,0.000460222159711694,1.83e-05,NA,NA
"140","Phase 2","transition loops (Phase 2)",2018-02-15,"90% advanced
10% conventional","biofilm","Loop_2","Batch_End",39.27,NA,NA,NA,NA,NA,NA,0.174709035856628,1.24159809682735,0.0393129701341074,1.02144707139068,0.135396065722521,1.60776862567283,NA,NA,0.174709035856628,0.135396065722521
"141","Phase 2","advanced feedwater",2018-02-04,"100% advanced","bulkwater","advanced_feed","Batch_End",NA,0.106282977641976,1.08363744403017,0.000904273484550214,1.02025281585648,0.105378704157426,1.48835006580015,NA,NA,NA,NA,NA,NA,0.106282977641976,0.105378704157426,NA,NA
"142","Phase 1","transition loops (Phase 1)",2017-11-06,"100% conventional","bulkwater","Loop_2","Batch_End",NA,0.000206953173283002,1.14042841458965,0.00017934476320706,1.02383346611845,2.76084100759424e-05,1.53258341865869,NA,NA,NA,NA,NA,NA,0.000206953173283002,2.76084100759424e-05,NA,NA
"144","Phase 1","advanced blend loops",2017-11-13,"90% advanced
10% conventional","bulkwater","Loop_3","Batch_End",NA,0.000196408218689302,1.02713673996315,0.000233906071115224,1.02126549102415,0,1.44844505789447,NA,NA,NA,NA,NA,NA,0.000196408218689302,1.83e-05,NA,NA
"145","Phase 2","advanced blend loops",2018-02-15,"90% advanced
10% conventional","biofilm","Loop_3","Batch_End",39.27,NA,NA,NA,NA,NA,NA,0.0694933070016986,1.02314240149104,0.0120090985132609,1.03321581498971,0.0574842084884378,1.45408228586752,NA,NA,0.0694933070016986,0.0574842084884378
"146","Phase 2","advanced blend loops",2018-02-15,"90% advanced
10% conventional","biofilm","Loop_4","Batch_End",39.27,NA,NA,NA,NA,NA,NA,0.122445266956693,1.05368389938785,0.0425446274147989,1.00104828627455,0.0799006395418941,1.45339169919276,NA,NA,0.122445266956693,0.0799006395418941
"147","Phase 2","conventional control loop",2018-02-15,"100% conventional","biofilm","Loop_5","Batch_End",39.27,NA,NA,NA,NA,NA,NA,0.0254983204542682,1.01072881203136,0.0170984730436296,1.01375888022662,0.00839984741063858,1.43153057903373,NA,NA,0.0254983204542682,0.00839984741063858
"148","Phase 2","advanced blend loops",2018-01-29,"90% advanced
10% conventional","bulkwater","Loop_3","Batch_End",NA,0.00197310814788976,1.02566665962507,0.00201253318642118,1.0228548428901,0,1.4485248103813,NA,NA,NA,NA,NA,NA,0.00197310814788976,1.83e-05,NA,NA
"151","Phase 1","conventional control loop",2017-12-07,"100% conventional","bulkwater","Loop_5","Batch_End",NA,0.000815688201256078,1.02713320606963,0.000517586993402255,1.02425031833366,0.000298101207853823,1.45054863331688,NA,NA,NA,NA,NA,NA,0.000815688201256078,0.000298101207853823,NA,NA
"152","Phase 1","transition loops (Phase 1)",2017-11-13,"100% conventional","bulkwater","Loop_2","Batch_End",NA,0.00101925937080495,1.01818488826076,0.000915610453789899,1.02267953308147,0.000103648917015053,1.44311257151558,NA,NA,NA,NA,NA,NA,0.00101925937080495,0.000103648917015053,NA,NA
"155","Phase 2","transition loops (Phase 2)",2018-02-26,"90% advanced
10% conventional","biofilm","Loop_1","Batch_End",39.27,NA,NA,NA,NA,NA,NA,0.00796916656527812,1.02985278509004,0.00940500284643682,1.28541396028276,0,1.64708403193265,NA,NA,0.00796916656527812,4.7269640947288e-05
"156","Phase 1","conventional feedwater",2017-11-02,"100% conventional","bulkwater","conventional_feed","Batch_End",NA,0.000470428937510955,1.00703765359975,0.000430699990596058,1.02788445446036,3.97289469148972e-05,1.43898272661244,NA,NA,NA,NA,NA,NA,0.000470428937510955,3.97289469148972e-05,NA,NA
"157","Phase 2","conventional control loop",2018-03-05,"100% conventional","bulkwater","Loop_5","Batch_End",NA,0.00071742013855967,1.01949031076825,0.00071910053422573,1.02768035739441,0,1.44757984606192,NA,NA,NA,NA,NA,NA,0.00071742013855967,1.83e-05,NA,NA
"158","Phase 2","conventional feedwater",2018-02-04,"100% conventional","bulkwater","conventional_feed","Batch_End",NA,0.00141623531271086,1.18044174586039,0.00201719154793823,1.02272779470743,0,1.56186262438059,NA,NA,NA,NA,NA,NA,0.00141623531271086,1.83e-05,NA,NA
"159","Phase 1","transition loops (Phase 1)",2017-12-04,"100% conventional","bulkwater","Loop_2","Batch_End",NA,0.00205012002815978,1.02042613788183,0.000791264608329136,1.02478696013864,0.00125885541983064,1.44618733798309,NA,NA,NA,NA,NA,NA,0.00205012002815978,0.00125885541983064,NA,NA
"160","Phase 2","transition loops (Phase 2)",2018-02-26,"90% advanced
10% conventional","biofilm","Loop_2","Batch_End",39.27,NA,NA,NA,NA,NA,NA,0.0115450344480052,1.03809566126789,0.0120173421327884,1.02011476447851,0,1.45543008579947,NA,NA,0.0115450344480052,4.7269640947288e-05
"161","Phase 2","full-scale
distribution system
",2018-02-07,"not applicable","bulkwater","DWDS_328",NA,NA,0.000354212730719571,1.11949284564161,0.00028401834476425,1.02607862791592,7.01943859553212e-05,1.51858538848119,NA,NA,NA,NA,NA,NA,0.000354212730719571,7.01943859553212e-05,NA,NA
"163","Phase 1","transition loops (Phase 1)",2017-12-18,"100% conventional","bulkwater","Loop_1","Batch_End",NA,0.0122080088801797,1.02043283151266,0.00127510715679428,1.02389929530508,0.0109329017233854,1.44556318801883,NA,NA,NA,NA,NA,NA,0.0122080088801797,0.0109329017233854,NA,NA
"165","not applicable","RO permeate",2017-09-21,"not applicable","bulkwater","RO_3stage",NA,NA,0.000155948984898779,1.02422287119545,2.56195539728027e-05,1.02675087979792,0.000130329430925976,1.45025854903381,NA,NA,NA,NA,NA,NA,0.000155948984898779,0.000130329430925976,NA,NA
"166","not applicable","RO permeate",2017-09-14,"not applicable","bulkwater","RO_3stage",NA,NA,9.26110283597337e-05,1.02741368423707,7.94987048987349e-05,1.02416485857932,1.31123234609987e-05,1.45068691870657,NA,NA,NA,NA,NA,NA,1e-04,1.83e-05,NA,NA
"170","Phase 1","transition loops (Phase 1)",2017-11-27,"100% conventional","bulkwater","Loop_1","Batch_End",NA,0.0500045291050992,1.02703770782156,0.00094327773086909,1.02501987614868,0.0490612513742301,1.45102453452284,NA,NA,NA,NA,NA,NA,0.0500045291050992,0.0490612513742301,NA,NA
"171","Phase 2","full-scale
distribution system
",2018-03-22,"not applicable","bulkwater","DWDS_282",NA,NA,0.0160621524368168,1.01469633198644,0.00491261368516707,1.02672233286299,0.0111495387516497,1.44352602849632,NA,NA,NA,NA,NA,NA,0.0160621524368168,0.0111495387516497,NA,NA
"173","Phase 2","advanced blend loops",2018-02-26,"90% advanced
10% conventional","biofilm","Loop_3","Batch_End",39.27,NA,NA,NA,NA,NA,NA,0.00807125061600494,1.07620048015081,0.00755660991473771,1.01162103023671,0.000514640701267238,1.47701881582261,NA,NA,0.00807125061600494,0.000514640701267238
"174","Phase 1","advanced blend loops",2017-12-04,"90% advanced
10% conventional","bulkwater","Loop_4","Batch_End",NA,0.000105263954992508,1.02900565179826,6.09726952287515e-05,1.02691637522182,4.42912597637565e-05,1.45375715755125,NA,NA,NA,NA,NA,NA,0.000105263954992508,4.42912597637565e-05,NA,NA
"175","Phase 2","advanced blend loops",2018-02-26,"90% advanced
10% conventional","biofilm","Loop_4","Batch_End",39.27,NA,NA,NA,NA,NA,NA,0.0154682869617763,1.10064806394302,0.0169911198423905,1.18712208711041,0,1.61885299220371,NA,NA,0.0154682869617763,4.7269640947288e-05
"176","Phase 2","transition loops (Phase 2)",2018-02-15,"90% advanced
10% conventional","bulkwater","Loop_1","Batch_End",NA,0.00123048177848834,1.06375220111538,0.000624885571488278,1.05367033543895,0.000605596207000066,1.49726080599268,NA,NA,NA,NA,NA,NA,0.00123048177848834,0.000605596207000066,NA,NA
"178","Phase 2","conventional control loop",2018-02-26,"100% conventional","biofilm","Loop_5","Batch_End",39.27,NA,NA,NA,NA,NA,NA,0.00387011009390136,1.02943939960064,0.00392548180417962,1.02380141259341,0,1.45186597517759,NA,NA,0.00387011009390136,4.7269640947288e-05
"179","Phase 2","advanced blend loops",2018-01-08,"90% advanced
10% conventional","bulkwater","Loop_3","Batch_Start",NA,NA,NA,NA,NA,NA,NA,NA,NA,NA,NA,NA,NA,NA,NA,NA,NA
"180","Phase 1","advanced blend loops",2017-12-11,"90% advanced
10% conventional","bulkwater","Loop_3","Batch_End",NA,0.00345470421863557,1.06223406852203,0.00341846912934868,1.02680556379218,3.62350892868925e-05,1.47738650398717,NA,NA,NA,NA,NA,NA,0.00345470421863557,3.62350892868925e-05,NA,NA
"184","Phase 1","conventional control loop",2017-11-27,"100% conventional","bulkwater","Loop_5","Batch_End",NA,0.000806503995725102,1.02388551425064,0.000650106107287119,1.02718767823876,0.000156397888437983,1.45032964274258,NA,NA,NA,NA,NA,NA,0.000806503995725102,0.000156397888437983,NA,NA
"185","Phase 2","transition loops (Phase 2)",2018-03-26,"90% advanced
10% conventional","bulkwater","Loop_2","Batch_End",NA,0.00323190025659721,1.08895261548621,0.000890596149492221,1.028300736265,0.00234130410710499,1.49773836265798,NA,NA,NA,NA,NA,NA,0.00323190025659721,0.00234130410710499,NA,NA
"186","Phase 2","full-scale
distribution system
",2018-03-22,"not applicable","bulkwater","DWDS_286",NA,NA,0.000696454915884181,1.0237845734798,0.000749921413430378,1.02978389099534,0,1.45209838339168,NA,NA,NA,NA,NA,NA,0.000696454915884181,1.83e-05,NA,NA
"187","Phase 2","advanced blend loops",2018-03-26,"90% advanced
10% conventional","bulkwater","Loop_4","Batch_End",NA,0.0454256516677912,1.01219081924073,0.00474369808697286,1.02869776246041,0.0406819535808183,1.44317335793254,NA,NA,NA,NA,NA,NA,0.0454256516677912,0.0406819535808183,NA,NA
"188","Phase 2","conventional control loop",2018-01-15,"100% conventional","bulkwater","Loop_5","Batch_End",NA,0.00107781019853748,1.01411650972974,0.000823777258676997,1.02904613275201,0.000254032939860479,1.44477272906098,NA,NA,NA,NA,NA,NA,0.00107781019853748,0.000254032939860479,NA,NA
"190","Phase 1","transition loops (Phase 1)",2017-11-20,"100% conventional","bulkwater","Loop_2","Batch_End",NA,0.00132643059036777,1.01481076320169,0.00122500494201754,1.02839821482336,0.000101425648350224,1.44479886951848,NA,NA,NA,NA,NA,NA,0.00132643059036777,0.000101425648350224,NA,NA
"191","Phase 2","transition loops (Phase 2)",2018-01-31,"90% advanced
10% conventional","bulkwater","Loop_2","Batch_End",NA,0.00308425138272804,1.05545421101586,0.00324634958463306,1.0281961008701,0,1.47348933263719,NA,NA,NA,NA,NA,NA,0.00308425138272804,1.83e-05,NA,NA
"192","Phase 1","advanced blend loops",2018-01-05,"90% advanced
10% conventional","bulkwater","Loop_3","Batch_End",NA,0.00144275788344395,1.0325078762104,0.00124851079224785,1.02757483447783,0.000194247091196107,1.45670263090606,NA,NA,NA,NA,NA,NA,0.00144275788344395,0.000194247091196107,NA,NA
"193","Phase 2","full-scale
distribution system
",2018-02-07,"not applicable","bulkwater","DWDS_283",NA,NA,0.000355490796971112,1.6595870027275,0.000260025261338652,1.03135784334381,9.54655356324606e-05,1.95395189824336,NA,NA,NA,NA,NA,NA,0.000355490796971112,9.54655356324606e-05,NA,NA
"194","Phase 2","advanced blend loops",2018-03-05,"90% advanced
10% conventional","bulkwater","Loop_3","Batch_End",NA,0.00177317962440058,1.16479881812994,0.00158351011710516,1.03481802682818,0.00018966950729542,1.55807722381321,NA,NA,NA,NA,NA,NA,0.00177317962440058,0.00018966950729542,NA,NA
"195","Phase 2","advanced blend loops",2018-01-31,"90% advanced
10% conventional","bulkwater","Loop_4","Batch_End",NA,0.00226390807115585,1.11367031255097,0.00204617169934102,1.02903654680053,0.000217736371814825,1.51630398657675,NA,NA,NA,NA,NA,NA,0.00226390807115585,0.000217736371814825,NA,NA
"196","Phase 2","advanced blend loops",2018-02-15,"90% advanced
10% conventional","bulkwater","Loop_4","Batch_End",NA,0.00163408778478071,1.03721546432045,0.00100871044913601,1.06423792082392,0.000625377335644695,1.48607478665951,NA,NA,NA,NA,NA,NA,0.00163408778478071,0.000625377335644695,NA,NA
"198","Phase 1","conventional feedwater",2017-11-06,"100% conventional","bulkwater","conventional_feed","Batch_End",NA,0.000337591434397724,1.02960651607891,0.000170744957271033,1.03393338027844,0.000166846477126691,1.45914626162223,NA,NA,NA,NA,NA,NA,0.000337591434397724,0.000166846477126691,NA,NA
"199","Phase 2","conventional control loop",2018-02-15,"100% conventional","bulkwater","Loop_5","Batch_End",NA,0.00141891862559417,1.02861278350424,0.00173272659220704,1.06976644416577,0,1.48406351058552,NA,NA,NA,NA,NA,NA,0.00141891862559417,1.83e-05,NA,NA
"200","Phase 2","transition loops (Phase 2)",2018-03-19,"90% advanced
10% conventional","bulkwater","Loop_1","Batch_End",NA,0.00181600591091246,1.01547518830035,0.000706229385974337,1.03141344427806,0.00110977652493813,1.44741270931658,NA,NA,NA,NA,NA,NA,0.00181600591091246,0.00110977652493813,NA,NA
"202","Phase 1","advanced blend loops",2017-11-27,"90% advanced
10% conventional","bulkwater","Loop_3","Batch_End",NA,0.000276264228616224,1.00637992573709,0.000261577239806855,1.03069118578945,1.46869888093689e-05,1.44052937331755,NA,NA,NA,NA,NA,NA,0.000276264228616224,1.83e-05,NA,NA
"203","Phase 2","advanced feedwater",2018-01-08,"100% advanced","bulkwater","advanced_feed","Batch_End",NA,0.838660488033551,1.09476680896872,0.000636763244611141,1.03044440953072,0.83802372478894,1.50343940587995,NA,NA,NA,NA,NA,NA,0.838660488033551,0.83802372478894,NA,NA
"204","Phase 1","transition loops (Phase 1)",2017-12-11,"100% conventional","bulkwater","Loop_1","Batch_End",NA,0.233849724938895,1.01160643761235,0.0059311948572886,1.03104456207915,0.227918530081606,1.44443777076471,NA,NA,NA,NA,NA,NA,0.233849724938895,0.227918530081606,NA,NA
"205","Phase 1","conventional control loop",2018-01-01,"100% conventional","bulkwater","Loop_5","Batch_End",NA,0.00289163482094869,1.02883448122083,0.00295501156663525,1.03109024148529,0,1.4565876135115,NA,NA,NA,NA,NA,NA,0.00289163482094869,1.83e-05,NA,NA
"207","Phase 2","conventional feedwater",2018-01-29,"100% conventional","bulkwater","conventional_feed","Batch_End",NA,0.000567637065856759,1.03044715317859,0.000508889275420654,1.03240118930577,5.87477904361057e-05,1.45865470594443,NA,NA,NA,NA,NA,NA,0.000567637065856759,5.87477904361057e-05,NA,NA
"209","Phase 2","advanced blend loops",2018-03-12,"90% advanced
10% conventional","bulkwater","Loop_4","Batch_End",NA,0.00313458630017659,1.01619277796837,0.00267313334387548,1.03202814639,0.000461452956301108,1.44835418904916,NA,NA,NA,NA,NA,NA,0.00313458630017659,0.000461452956301108,NA,NA
"211","Phase 2","conventional control loop",2018-01-29,"100% conventional","bulkwater","Loop_5","Batch_End",NA,0.00126771793451454,1.00602806468008,0.00144829527560807,1.03318491343045,0,1.44206918428494,NA,NA,NA,NA,NA,NA,0.00126771793451454,1.83e-05,NA,NA
"213","Phase 1","conventional feedwater",2017-11-20,"100% conventional","bulkwater","conventional_feed","Batch_End",NA,0.00341800597457375,1.03704760639533,0.000774436126838133,1.03338582064375,0.00264356984773562,1.46401980595819,NA,NA,NA,NA,NA,NA,0.00341800597457375,0.00264356984773562,NA,NA
"214","Phase 1","advanced blend loops",2017-11-27,"90% advanced
10% conventional","bulkwater","Loop_4","Batch_End",NA,6.80577341185436e-05,1.07184514784356,7.51162057071486e-05,1.03357991039803,0,1.48900619613694,NA,NA,NA,NA,NA,NA,1e-04,1.83e-05,NA,NA
"216","Phase 2","advanced blend loops",2018-02-15,"90% advanced
10% conventional","bulkwater","Loop_3","Batch_End",NA,0.00127870560311792,1.00944836718766,0.00103594110093656,1.08552520502942,0.00024276450218136,1.48234644289788,NA,NA,NA,NA,NA,NA,0.00127870560311792,0.00024276450218136,NA,NA
"217","Phase 2","transition loops (Phase 2)",2018-03-26,"90% advanced
10% conventional","biofilm","Loop_1","Batch_End",39.27,NA,NA,NA,NA,NA,NA,5.63498294511248,1.14268245061267,0.135106023243552,1.01965968181272,5.49987692186893,1.5314793663816,NA,NA,5.63498294511248,5.49987692186893
"218","Phase 1","advanced blend loops",2017-12-04,"90% advanced
10% conventional","bulkwater","Loop_3","Batch_End",NA,0.000267031673249601,1.1180815615336,0.00019325839085585,1.03615840884756,7.37732823937508e-05,1.52437876738916,NA,NA,NA,NA,NA,NA,0.000267031673249601,7.37732823937508e-05,NA,NA
"220","Phase 2","transition loops (Phase 2)",2018-01-29,"90% advanced
10% conventional","bulkwater","Loop_2","Batch_End",NA,0.00157451629003956,1.0656599267054,0.00145321607556655,1.03522281419856,0.000121300214473007,1.48570432940843,NA,NA,NA,NA,NA,NA,0.00157451629003956,0.000121300214473007,NA,NA
"221","Phase 2","full-scale
distribution system
",2018-03-22,"not applicable","bulkwater","DWDS_286",NA,NA,0.000732042627698112,1.01004449875551,0.000732880609236465,1.03660385567829,0,1.44732078098581,NA,NA,NA,NA,NA,NA,0.000732042627698112,1.83e-05,NA,NA
"222","Phase 1","advanced feedwater",2017-11-13,"100% advanced","bulkwater","advanced_feed","Batch_End",NA,0.0229671139974723,1.0599089311067,0.00104729993787739,1.03429955908813,0.0219198140595949,1.48093974224803,NA,NA,NA,NA,NA,NA,0.0229671139974723,0.0219198140595949,NA,NA
"223","Phase 2","transition loops (Phase 2)",2018-03-26,"90% advanced
10% conventional","biofilm","Loop_2","Batch_End",39.27,NA,NA,NA,NA,NA,NA,0.630584528898394,1.08964211565632,0.152916017109092,1.04199006105485,0.477668511789302,1.50766814238051,NA,NA,0.630584528898394,0.477668511789302
"224","Phase 2","transition loops (Phase 2)",2018-03-05,"90% advanced
10% conventional","bulkwater","Loop_2","Batch_End",NA,0.0018441261468253,1.03984738320007,0.00191204039547202,1.04326937386978,0,1.472987972389,NA,NA,NA,NA,NA,NA,0.0018441261468253,1.83e-05,NA,NA
"225","Phase 2","transition loops (Phase 2)",2018-01-18,"90% advanced
10% conventional","bulkwater","Loop_2","Batch_End",NA,0.00875993454348058,1.03167166379021,0.010441532858305,1.03737973635553,0,1.46304584318767,NA,NA,NA,NA,NA,NA,0.00875993454348058,1.83e-05,NA,NA
"226","Phase 2","conventional feedwater",2018-01-08,"100% conventional","bulkwater","conventional_feed","Batch_End",NA,0.000520981437327698,1.04928789337193,0.000422775629453995,1.03691119601648,9.82058078737031e-05,1.47519148302897,NA,NA,NA,NA,NA,NA,0.000520981437327698,9.82058078737031e-05,NA,NA
"227","Phase 2","transition loops (Phase 2)",2018-03-12,"90% advanced
10% conventional","bulkwater","Loop_2","Batch_End",NA,0.00381367198047839,1.03694506202835,0.00270432939364341,1.03718145648045,0.00110934258683499,1.46662893580206,NA,NA,NA,NA,NA,NA,0.00381367198047839,0.00110934258683499,NA,NA
"228","Phase 2","advanced blend loops",2018-01-31,"90% advanced
10% conventional","bulkwater","Loop_3","Batch_End",NA,0.00250733999618021,1.00613848752325,0.00243042721272821,1.0358642723897,7.69127834520022e-05,1.4440669814413,NA,NA,NA,NA,NA,NA,0.00250733999618021,7.69127834520022e-05,NA,NA
"229","Phase 2","advanced blend loops",2018-03-26,"90% advanced
10% conventional","biofilm","Loop_3","Batch_End",39.27,NA,NA,NA,NA,NA,NA,1.84020518438881,1.16914575485603,0.0243907452239406,1.03542354949681,1.81581443916487,1.56173100210967,NA,NA,1.84020518438881,1.81581443916487
"230","Phase 1","transition loops (Phase 1)",2018-01-05,"100% conventional","bulkwater","Loop_2","Batch_End",NA,0.00188292966795142,1.0377173527394,0.00136318003689628,1.03617653617765,0.00051974963105514,1.46646483704914,NA,NA,NA,NA,NA,NA,0.00188292966795142,0.00051974963105514,NA,NA
"231","Phase 2","advanced blend loops",2018-03-26,"90% advanced
10% conventional","biofilm","Loop_4","Batch_End",39.27,NA,NA,NA,NA,NA,NA,0.893723007631396,1.04161232283089,0.0512376466993357,1.01226166997684,0.84248536093206,1.45245651211232,NA,NA,0.893723007631396,0.84248536093206
"232","Phase 1","transition loops (Phase 1)",2017-12-04,"100% conventional","bulkwater","Loop_1","Batch_End",NA,0.039416074223473,1.0391837669929,0.000741725145109891,1.03932748150815,0.0386743490783631,1.46972940210082,NA,NA,NA,NA,NA,NA,0.039416074223473,0.0386743490783631,NA,NA
"234","Phase 1","conventional feedwater",2017-11-13,"100% conventional","bulkwater","conventional_feed","Batch_End",NA,0.000899865977851829,1.01223281799069,0.000584663659776146,1.0379867797886,0.000315202318075684,1.4498385540581,NA,NA,NA,NA,NA,NA,0.000899865977851829,0.000315202318075684,NA,NA
"235","Phase 2","full-scale
distribution system
",2018-02-09,"not applicable","bulkwater","DWDS_261",NA,NA,0.00592776947707463,1.01141547426379,0.00412606378164262,1.03881451119089,0.00180170569543201,1.44986097617703,NA,NA,NA,NA,NA,NA,0.00592776947707463,0.00180170569543201,NA,NA
"239","Phase 2","conventional control loop",2018-01-31,"100% conventional","bulkwater","Loop_5","Batch_End",NA,0.00409522506344049,1.0245540539312,0.00910388665709329,1.03889784575617,0,1.45911608288843,NA,NA,NA,NA,NA,NA,0.00409522506344049,1.83e-05,NA,NA
"241","Phase 2","advanced blend loops",2018-02-04,"90% advanced
10% conventional","bulkwater","Loop_3","Batch_End",NA,0.00171438833031347,1.1809268869904,0.00129794422012314,1.03937537136417,0.000416444110190329,1.573178144717,NA,NA,NA,NA,NA,NA,0.00171438833031347,0.000416444110190329,NA,NA
"243","Phase 1","conventional control loop",2017-12-18,"100% conventional","bulkwater","Loop_5","Batch_End",NA,0.00106349082082739,1.0076325696124,0.000732381218777443,1.04079846060505,0.000331109602049951,1.44864931261555,NA,NA,NA,NA,NA,NA,0.00106349082082739,0.000331109602049951,NA,NA
"244","Phase 2","conventional control loop",2018-03-26,"100% conventional","biofilm","Loop_5","Batch_End",39.27,NA,NA,NA,NA,NA,NA,0.0240578213872512,1.01495944743549,0.0196188530555428,1.01999651211111,0.00443896833170841,1.43893556654125,NA,NA,0.0240578213872512,0.00443896833170841
"249","Phase 2","advanced blend loops",2018-03-19,"90% advanced
10% conventional","bulkwater","Loop_4","Batch_End",NA,0.000901356557057696,1.01283030630878,0.000520201690848325,1.04365539040864,0.00038115486620937,1.45431832942672,NA,NA,NA,NA,NA,NA,0.000901356557057696,0.00038115486620937,NA,NA
"251","Phase 1","conventional feedwater",2017-12-07,"100% conventional","bulkwater","conventional_feed","Batch_End",NA,0.00270566471138566,1.04147367171482,0.00114601823389419,1.04772579512457,0.00155964647749147,1.47729372524375,NA,NA,NA,NA,NA,NA,0.00270566471138566,0.00155964647749147,NA,NA
"252","Phase 2","advanced blend loops",2018-03-12,"90% advanced
10% conventional","bulkwater","Loop_3","Batch_End",NA,0.00360881801620289,1.00370805807677,0.00201736697962439,1.0445893290465,0.00159145103657851,1.44865342032042,NA,NA,NA,NA,NA,NA,0.00360881801620289,0.00159145103657851,NA,NA
"254","Phase 2","full-scale
distribution system
",2018-03-22,"not applicable","bulkwater","DWDS_328",NA,NA,0.000434769014020313,1.06472283852778,0.000264279606922076,1.04750974995846,0.000170489407098237,1.4936235801368,NA,NA,NA,NA,NA,NA,0.000434769014020313,0.000170489407098237,NA,NA
"258","Phase 1","advanced blend loops",2017-11-20,"90% advanced
10% conventional","bulkwater","Loop_3","Batch_End",NA,0.000171695849245472,1.03065124172849,0.000129973456335469,1.04794495811828,4.17223929100028e-05,1.46984033735708,NA,NA,NA,NA,NA,NA,0.000171695849245472,4.17223929100028e-05,NA,NA
"259","Phase 2","transition loops (Phase 2)",2018-02-19,"90% advanced
10% conventional","bulkwater","Loop_1","Batch_End",NA,0.00086567565497851,1.042508557084,0.00062703355608381,1.05142877228858,0.0002386420988947,1.4806507200517,NA,NA,NA,NA,NA,NA,0.00086567565497851,0.0002386420988947,NA,NA
"261","Phase 2","advanced blend loops",2018-03-05,"90% advanced
10% conventional","bulkwater","Loop_4","Batch_End",NA,0.00250518193936725,1.00809280449298,0.0024676095816586,1.05788739296139,3.75723577086427e-05,1.46129286546441,NA,NA,NA,NA,NA,NA,0.00250518193936725,3.75723577086427e-05,NA,NA
"263","Phase 2","conventional feedwater",2018-01-15,"100% conventional","bulkwater","conventional_feed","Batch_End",NA,0.000774731315543627,1.07258468401895,0.000515117876242328,1.04971857643375,0.000259613439301299,1.50078212745959,NA,NA,NA,NA,NA,NA,0.000774731315543627,0.000259613439301299,NA,NA
"264","Phase 2","advanced feedwater",2018-03-19,"100% advanced","bulkwater","advanced_feed","Batch_End",NA,0.0934149010365935,1.09798069022827,0.00071834240974194,1.05136994515396,0.0926965586268516,1.5201777388474,NA,NA,NA,NA,NA,NA,0.0934149010365935,0.0926965586268516,NA,NA
"265","Phase 1","transition loops (Phase 1)",2017-11-27,"100% conventional","bulkwater","Loop_2","Batch_End",NA,0.00141713668799095,1.07659748450722,0.00111396360553723,1.05121482398505,0.000303173082453719,1.50469756091156,NA,NA,NA,NA,NA,NA,0.00141713668799095,0.000303173082453719,NA,NA
"267","Phase 2","advanced blend loops",2018-01-29,"90% advanced
10% conventional","bulkwater","Loop_4","Batch_End",NA,0.0012299008652074,1.01722858280659,0.00117495871681578,1.0521155604616,5.49421483916203e-05,1.46345520677748,NA,NA,NA,NA,NA,NA,0.0012299008652074,5.49421483916203e-05,NA,NA
"274","Phase 2","full-scale
distribution system
",2018-02-09,"not applicable","bulkwater","DWDS_286",NA,NA,0.000863860275436064,1.11882192280534,0.000979809800499432,1.05532079238985,0,1.53800665466706,NA,NA,NA,NA,NA,NA,0.000863860275436064,1.83e-05,NA,NA
"275","Phase 2","conventional control loop",2018-03-12,"100% conventional","bulkwater","Loop_5","Batch_End",NA,0.0014008756051192,1.04217607274939,0.00144805153136231,1.05630543972399,0,1.48388414258049,NA,NA,NA,NA,NA,NA,0.0014008756051192,1.83e-05,NA,NA
"276","Phase 1","transition loops (Phase 1)",2018-01-05,"100% conventional","bulkwater","Loop_1","Batch_End",NA,0.00437916504579322,1.03322924666986,0.00108120465127209,1.05528155750686,0.00329796039452113,1.47688247392542,NA,NA,NA,NA,NA,NA,0.00437916504579322,0.00329796039452113,NA,NA
"277","Phase 2","transition loops (Phase 2)",2018-02-04,"90% advanced
10% conventional","bulkwater","Loop_2","Batch_End",NA,0.00836173220036865,1.03398591442132,0.00808893279539618,1.0558055233102,0.000272799404972466,1.47778624106263,NA,NA,NA,NA,NA,NA,0.00836173220036865,0.000272799404972466,NA,NA
"278","Phase 2","advanced blend loops",2018-02-19,"90% advanced
10% conventional","bulkwater","Loop_4","Batch_End",NA,0.00128566647719855,1.01721513889823,0.00128148738218713,1.06142066309598,4.17909501141908e-06,1.47014980966256,NA,NA,NA,NA,NA,NA,0.00128566647719855,1.83e-05,NA,NA
"279","Phase 2","transition loops (Phase 2)",2018-01-31,"90% advanced
10% conventional","bulkwater","Loop_1","Batch_End",NA,0.00454356228972015,1.02574371873213,0.00488654763115021,1.05700543721667,0,1.47289194132632,NA,NA,NA,NA,NA,NA,0.00454356228972015,1.83e-05,NA,NA
"280","Phase 2","full-scale
distribution system
",2018-02-09,"not applicable","bulkwater","DWDS_223",NA,NA,0.000661154343666377,1.05294098524014,0.000701023284119377,1.06027300586759,0,1.49427693730779,NA,NA,NA,NA,NA,NA,0.000661154343666377,1.83e-05,NA,NA
"285","Phase 2","conventional feedwater",2018-03-26,"100% conventional","bulkwater","conventional_feed","Batch_End",NA,0.000211027054661713,1.03609399977025,0.000192099650272292,1.06578560871733,1.89274043894217e-05,1.48640160794749,NA,NA,NA,NA,NA,NA,0.000211027054661713,1.89274043894217e-05,NA,NA
"286","Phase 2","full-scale
distribution system
",2018-02-16,"not applicable","bulkwater","DWDS_286",NA,NA,0.00635686894548048,1.02878892875978,0.00508306384983973,1.063275485734,0.00127380509564075,1.47951391291247,NA,NA,NA,NA,NA,NA,0.00635686894548048,0.00127380509564075,NA,NA
"288","Phase 2","conventional feedwater",2018-01-31,"100% conventional","bulkwater","conventional_feed","Batch_End",NA,0.000976888339150087,1.07896852580373,0.000865961609482509,1.06334721493569,0.000110926729667578,1.51488625948834,NA,NA,NA,NA,NA,NA,0.000976888339150087,0.000110926729667578,NA,NA
"289","Phase 2","full-scale
distribution system
",2018-02-07,"not applicable","bulkwater","DWDS_325",NA,NA,0.000618412121941805,1.07616100088466,0.000751708878512348,1.07041075427497,0,1.51786089042856,NA,NA,NA,NA,NA,NA,0.000618412121941805,1.83e-05,NA,NA
"290","Phase 2","advanced blend loops",2018-02-04,"90% advanced
10% conventional","bulkwater","Loop_4","Batch_End",NA,0.00180300463421073,1.11950609852128,0.00194078291662462,1.06359361716925,0,1.54419081952637,NA,NA,NA,NA,NA,NA,0.00180300463421073,1.83e-05,NA,NA
"291","Phase 2","transition loops (Phase 2)",2018-01-18,"90% advanced
10% conventional","bulkwater","Loop_1","Batch_End",NA,0.00551563328084949,1.01494955369878,0.00733409100721401,1.06819962017419,0,1.4734900831338,NA,NA,NA,NA,NA,NA,0.00551563328084949,1.83e-05,NA,NA
"293","Phase 2","full-scale
distribution system
",2018-02-14,"not applicable","bulkwater","DWDS_328",NA,NA,0.00179905293611783,1.11089719429117,0.00120904780737536,1.0658348039347,0.000590005128742472,1.53951174258676,NA,NA,NA,NA,NA,NA,0.00179905293611783,0.000590005128742472,NA,NA
"294","Phase 1","transition loops (Phase 1)",2017-11-20,"100% conventional","bulkwater","Loop_1","Batch_End",NA,0.00026626282143051,1.00498014259933,0.000233532237312715,1.06876380375702,3.27305841177955e-05,1.46705185840179,NA,NA,NA,NA,NA,NA,0.00026626282143051,3.27305841177955e-05,NA,NA
"297","Phase 2","conventional control loop",2018-02-19,"100% conventional","bulkwater","Loop_5","Batch_End",NA,0.00120594216448917,1.02574094381169,0.0012956536082376,1.07232431700249,0,1.48392180543537,NA,NA,NA,NA,NA,NA,0.00120594216448917,1.83e-05,NA,NA
"304","Phase 1","advanced feedwater",2017-12-18,"100% advanced","bulkwater","advanced_feed","Batch_End",NA,0.0528077944072699,1.04754582081834,0.000890395721029862,1.07465609062386,0.0519173986862401,1.50074580120316,NA,NA,NA,NA,NA,NA,0.0528077944072699,0.0519173986862401,NA,NA
"307","Phase 1","advanced feedwater",2017-12-07,"100% advanced","bulkwater","advanced_feed","Batch_End",NA,0.0879808316821619,1.03596006044309,0.0017710328216648,1.07908723910965,0.0862097988604971,1.49587516739952,NA,NA,NA,NA,NA,NA,0.0879808316821619,0.0862097988604971,NA,NA
"309","Phase 1","advanced blend loops",2017-11-06,"90% advanced
10% conventional","bulkwater","Loop_3","Batch_End",NA,0.000149866322634983,1.09162285723921,0.000124511324571527,1.08659482283357,2.5354998063456e-05,1.54023659593448,NA,NA,NA,NA,NA,NA,0.000149866322634983,2.5354998063456e-05,NA,NA
"310","Phase 2","transition loops (Phase 2)",2018-01-29,"90% advanced
10% conventional","bulkwater","Loop_1","Batch_End",NA,0.00137474502790008,1.06115206077821,0.00127347714539729,1.07968641715128,0.000101267882502789,1.51385813584854,NA,NA,NA,NA,NA,NA,0.00137474502790008,0.000101267882502789,NA,NA
"311","Phase 2","transition loops (Phase 2)",2018-03-05,"90% advanced
10% conventional","bulkwater","Loop_1","Batch_End",NA,0.00104459509634547,1.08841992129567,0.000903709918575951,1.0888120130291,0.000140885177769517,1.53953548994161,NA,NA,NA,NA,NA,NA,0.00104459509634547,0.000140885177769517,NA,NA
"314","Phase 1","advanced feedwater",2017-11-09,"100% advanced","bulkwater","advanced_feed","Batch_End",NA,0.0476348218807465,1.10080105491201,0.00289456435052813,1.07492562561541,0.0447402575302184,1.53857988518636,NA,NA,NA,NA,NA,NA,0.0476348218807465,0.0447402575302184,NA,NA
"316","Phase 1","advanced feedwater",2017-11-27,"100% advanced","bulkwater","advanced_feed","Batch_End",NA,0.173645807104453,1.01975777238094,0.00340643776763233,1.0788167643133,0.170239369336821,1.48450379766936,NA,NA,NA,NA,NA,NA,0.173645807104453,0.170239369336821,NA,NA
"317","Phase 2","full-scale
distribution system
",2018-02-07,"not applicable","bulkwater","DWDS_331",NA,NA,0.00034202095634199,1.14524652425498,0.000351024639509685,1.08672106945743,0,1.57878189884506,NA,NA,NA,NA,NA,NA,0.00034202095634199,1.83e-05,NA,NA
"319","not applicable","RO permeate",2017-09-26,"not applicable","bulkwater","RO_2stage",NA,NA,0.000161954666926063,1.00306555739862,0.000113306681640932,1.08741850521217,4.86479852851313e-05,1.47939836349689,NA,NA,NA,NA,NA,NA,0.000161954666926063,4.86479852851313e-05,NA,NA
"323","Phase 2","transition loops (Phase 2)",2018-02-19,"90% advanced
10% conventional","bulkwater","Loop_2","Batch_End",NA,0.00136722332920577,1.03356901941446,0.00131163098197129,1.08897089465331,5.55923472344887e-05,1.50137354688812,NA,NA,NA,NA,NA,NA,0.00136722332920577,5.55923472344887e-05,NA,NA
"327","Phase 2","advanced feedwater",2018-02-19,"100% advanced","bulkwater","advanced_feed","Batch_End",NA,0.047109723425184,1.23446385816165,0.000399619030146624,1.09205376527333,0.0467101043950373,1.64817548924712,NA,NA,NA,NA,NA,NA,0.047109723425184,0.0467101043950373,NA,NA
"329","Phase 1","advanced feedwater",2017-11-20,"100% advanced","bulkwater","advanced_feed","Batch_End",NA,0.0458561681864289,1.03858484692435,0.000542582188366778,1.08955542213582,0.0453135859980621,1.50525396600257,NA,NA,NA,NA,NA,NA,0.0458561681864289,0.0453135859980621,NA,NA
"331","not applicable","RO permeate",2017-09-26,"not applicable","bulkwater","RO_3stage",NA,NA,0.000377232215354876,1.12957076007878,0.000261831255421541,1.09859345522381,0.000115400959933335,1.57570228212234,NA,NA,NA,NA,NA,NA,0.000377232215354876,0.000115400959933335,NA,NA
"332","Phase 2","conventional control loop",2018-02-04,"100% conventional","bulkwater","Loop_5","Batch_End",NA,0.00298050728868729,1.0511488684711,0.00331113872147659,1.08522293209273,0,1.51083511874328,NA,NA,NA,NA,NA,NA,0.00298050728868729,1.83e-05,NA,NA
"334","Phase 2","full-scale
distribution system
",2018-02-07,"not applicable","bulkwater","DWDS_307",NA,NA,0.000248460175456822,1.05290482314422,0.000277773387740981,1.09882025492823,0,1.52184576066068,NA,NA,NA,NA,NA,NA,0.000248460175456822,1.83e-05,NA,NA
"335","Phase 2","advanced feedwater",2018-03-26,"100% advanced","bulkwater","advanced_feed","Batch_End",NA,0.114836879360701,1.00784905909654,0.00160094448268186,1.09758720315199,0.113235934878019,1.49011992619546,NA,NA,NA,NA,NA,NA,0.114836879360701,0.113235934878019,NA,NA
"337","Phase 2","transition loops (Phase 2)",2018-03-26,"90% advanced
10% conventional","bulkwater","Loop_1","Batch_End",NA,0.028473211534566,1.07610273125568,0.002679800553993,1.09880110715169,0.025793410980573,1.53797300408483,NA,NA,NA,NA,NA,NA,0.028473211534566,0.025793410980573,NA,NA
"340","Phase 1","transition loops (Phase 1)",2017-11-06,"100% conventional","bulkwater","Loop_1","Batch_End",NA,0.000110451400958678,1.03042446119847,8.16041049594956e-05,1.11085731988057,2.88472959991821e-05,1.51518268052681,NA,NA,NA,NA,NA,NA,0.000110451400958678,2.88472959991821e-05,NA,NA
"341","Phase 2","conventional feedwater",2018-03-12,"100% conventional","bulkwater","conventional_feed","Batch_End",NA,0.000435046951279279,1.08905024296837,0.000417681966142694,1.10742038615518,1.7364985136585e-05,1.55319359494609,NA,NA,NA,NA,NA,NA,0.000435046951279279,1.83e-05,NA,NA
"345","Phase 1","advanced blend loops",2017-12-11,"90% advanced
10% conventional","bulkwater","Loop_4","Batch_End",NA,0.000916482184444428,1.14524729609379,0.000141938780293296,1.10596879439759,0.000774543404151132,1.59209244184859,NA,NA,NA,NA,NA,NA,0.000916482184444428,0.000774543404151132,NA,NA
"348","Phase 1","conventional feedwater",2017-12-11,"100% conventional","bulkwater","conventional_feed","Batch_End",NA,0.00285620542084975,1.06226442328633,0.00192459269097523,1.10844402258726,0.000931612729874513,1.53526996199015,NA,NA,NA,NA,NA,NA,0.00285620542084975,0.000931612729874513,NA,NA
"350","Phase 2","advanced blend loops",2018-03-26,"90% advanced
10% conventional","bulkwater","Loop_3","Batch_End",NA,0.0890477732939488,1.01875254405851,0.00313024701943059,1.12118240418353,0.0859175262745182,1.51489495658163,NA,NA,NA,NA,NA,NA,0.0890477732939488,0.0859175262745182,NA,NA
"353","Phase 1","transition loops (Phase 1)",2017-11-13,"100% conventional","bulkwater","Loop_1","Batch_End",NA,0.00010150708532558,1.00505588500433,0.000100021976513175,1.11940173587989,1.48510881240572e-06,1.50439276064223,NA,NA,NA,NA,NA,NA,0.00010150708532558,1.83e-05,NA,NA
"356","Phase 2","full-scale
distribution system
",2018-03-01,"not applicable","bulkwater","DWDS_282",NA,NA,0.008380611519989,1.0856537523108,0.0031203541078138,1.12550803268745,0.0052602574121752,1.56378144302536,NA,NA,NA,NA,NA,NA,0.008380611519989,0.0052602574121752,NA,NA
"357","Phase 1","advanced feedwater",2017-11-06,"100% advanced","bulkwater","advanced_feed","Batch_End",NA,0.0235678357663985,1.1287867281233,0.000222627527289275,1.14353364963257,0.0233452082391092,1.60680698449729,NA,NA,NA,NA,NA,NA,0.0235678357663985,0.0233452082391092,NA,NA
"358","Phase 1","conventional control loop",2017-11-06,"100% conventional","bulkwater","Loop_5","Batch_End",NA,0.000219229989997368,1.12030068896937,0.000171570525288872,1.14782695936646,4.76594647084959e-05,1.60392654518643,NA,NA,NA,NA,NA,NA,0.000219229989997368,4.76594647084959e-05,NA,NA
"359","Phase 2","advanced feedwater",2018-03-01,"100% advanced","bulkwater","advanced_feed","Batch_End",NA,0.0938932543309293,1.05273842291407,0.00122268131690057,1.12521665315637,0.0926705730140287,1.54089931650969,NA,NA,NA,NA,NA,NA,0.0938932543309293,0.0926705730140287,NA,NA
"363","Phase 2","full-scale
distribution system
",2018-02-07,"not applicable","bulkwater","DWDS_226",NA,NA,0.000409019269511596,1.28059970302724,0.000381113667054128,1.14875506672215,2.79056024574681e-05,1.7203411878791,NA,NA,NA,NA,NA,NA,0.000409019269511596,2.79056024574681e-05,NA,NA
"366","Phase 2","conventional feedwater",2018-03-01,"100% conventional","bulkwater","conventional_feed","Batch_End",NA,0.000622835012831796,1.18903324920343,0.00112759330520608,1.13343125138014,0,1.64270096771032,NA,NA,NA,NA,NA,NA,0.000622835012831796,1.83e-05,NA,NA
"368","Phase 1","conventional control loop",2017-12-11,"100% conventional","bulkwater","Loop_5","Batch_End",NA,0.00274014152393613,1.08264682483099,0.00246459744642775,1.13425849721819,0.000275544077508378,1.56801354771835,NA,NA,NA,NA,NA,NA,0.00274014152393613,0.000275544077508378,NA,NA
"369","Phase 2","full-scale
distribution system
",2018-02-09,"not applicable","bulkwater","DWDS_282",NA,NA,0.00631780699204773,1.1006997582362,0.0023423580306025,1.13903719485196,0.00397544896144523,1.58396517923768,NA,NA,NA,NA,NA,NA,0.00631780699204773,0.00397544896144523,NA,NA
"372","Phase 2","advanced feedwater",2018-03-12,"100% advanced","bulkwater","advanced_feed","Batch_End",NA,0.0660998396647899,1.02884034226019,0.000656271262906501,1.14443020539359,0.0654435684018834,1.53890641199499,NA,NA,NA,NA,NA,NA,0.0660998396647899,0.0654435684018834,NA,NA
"375","Phase 2","advanced feedwater",2018-03-22,"100% advanced","bulkwater","advanced_feed","Batch_End",NA,0.129299737664145,1.04742795456352,0.000410698443523491,1.15941875721746,0.128889039220621,1.5624842957895,NA,NA,NA,NA,NA,NA,0.129299737664145,0.128889039220621,NA,NA
"376","Phase 2","full-scale
distribution system
",2018-02-07,"not applicable","bulkwater","DWDS_225",NA,NA,0.000337868807173203,1.1018172878874,0.000397579121371685,1.1712098903464,0,1.60802174833948,NA,NA,NA,NA,NA,NA,0.000337868807173203,1.83e-05,NA,NA
"377","Phase 2","conventional control loop",2018-03-19,"100% conventional","bulkwater","Loop_5","Batch_End",NA,0.000862308892196953,1.56437097896469,0.000719983305663566,1.16987454746724,0.000142325586533388,1.95342340946315,NA,NA,NA,NA,NA,NA,0.000862308892196953,0.000142325586533388,NA,NA
"379","Phase 1","transition loops (Phase 1)",2017-12-11,"100% conventional","bulkwater","Loop_2","Batch_End",NA,0.0544939974474611,1.02052183279275,0.000167237984737911,1.16031402852384,0.0543267594627232,1.5452486712487,NA,NA,NA,NA,NA,NA,0.0544939974474611,0.0543267594627232,NA,NA
"381","Phase 2","full-scale
distribution system
",2018-02-07,"not applicable","bulkwater","DWDS_224",NA,NA,0.000321433168433556,1.14061048714207,0.000353547912179304,1.17573114274151,0,1.6380891316991,NA,NA,NA,NA,NA,NA,0.000321433168433556,1.83e-05,NA,NA
"384","Phase 2","full-scale
distribution system
",2018-02-09,"not applicable","bulkwater","DWDS_270A",NA,NA,0.000994544847711129,1.07004283577164,0.000960489959911384,1.1896999217973,3.40548877997444e-05,1.60011798762176,NA,NA,NA,NA,NA,NA,0.000994544847711129,3.40548877997444e-05,NA,NA
"386","Phase 1","advanced feedwater",2018-01-01,"100% advanced","bulkwater","advanced_feed","Batch_End",NA,0.177003599216828,1.01893146660581,0.00154560724263925,1.21058061661294,0.175457991974189,1.58231689713485,NA,NA,NA,NA,NA,NA,0.177003599216828,0.175457991974189,NA,NA
"387","Phase 2","full-scale
distribution system
",2018-03-01,"not applicable","bulkwater","DWDS_286",NA,NA,0.000717353145669392,1.39188033110134,0.000755416089613707,1.20556656614429,0,1.84139121359686,NA,NA,NA,NA,NA,NA,0.000717353145669392,1.83e-05,NA,NA
"388","Phase 2","advanced feedwater",2018-01-31,"100% advanced","bulkwater","advanced_feed","Batch_End",NA,0.0523949388929002,1.0129268483251,0.000592458032178611,1.21269458267473,0.0518024808607216,1.58007877996841,NA,NA,NA,NA,NA,NA,0.0523949388929002,0.0518024808607216,NA,NA
"389","Phase 1","advanced feedwater",2017-12-11,"100% advanced","bulkwater","advanced_feed","Batch_End",NA,0.0938441264045098,1.03494692684709,0.00104672127190778,1.24965324195581,0.0927974051326021,1.62257461046354,NA,NA,NA,NA,NA,NA,0.0938441264045098,0.0927974051326021,NA,NA
"390","Phase 2","full-scale
distribution system
",2018-02-14,"not applicable","bulkwater","DWDS_282",NA,NA,0.00626314324714148,1.03610773243184,0.00648565914040438,1.23362347201869,0,1.61100779139038,NA,NA,NA,NA,NA,NA,0.00626314324714148,1.83e-05,NA,NA
"391","Phase 2","transition loops (Phase 2)",2018-03-12,"90% advanced
10% conventional","bulkwater","Loop_1","Batch_End",NA,0.0107935306754555,1.13511101379851,0.000656505467863551,1.31954904564009,0.0101370252075919,1.74059952243368,NA,NA,NA,NA,NA,NA,0.0107935306754555,0.0101370252075919,NA,NA
"392","Phase 2","full-scale
distribution system
",2018-03-01,"not applicable","bulkwater","DWDS_286",NA,NA,0.000793228656528171,1.56285868530778,0.000724606265762917,1.30068187194943,6.86223907652541e-05,2.03329796199667,NA,NA,NA,NA,NA,NA,0.000793228656528171,6.86223907652541e-05,NA,NA
"396","Phase 2","conventional control loop",2018-03-26,"100% conventional","bulkwater","Loop_5","Batch_End",NA,0.00152929573110575,1.24861881867378,0.00233877738593468,1.32593727971853,0,1.82130684512349,NA,NA,NA,NA,NA,NA,0.00152929573110575,1.83e-05,NA,NA
"397","Phase 2","conventional feedwater",2018-03-19,"100% conventional","bulkwater","conventional_feed","Batch_End",NA,0.000340901547956868,1.16812305865541,0.000403887466861019,1.3332614352471,0,1.77259626956609,NA,NA,NA,NA,NA,NA,0.000340901547956868,1.83e-05,NA,NA
"400","Phase 1","advanced blend loops",2017-12-07,"90% advanced
10% conventional","bulkwater","Loop_4","Batch_End",NA,0.000190600426477582,1.11920130183713,0.000126285174651385,1.3567083498018,6.43152518261961e-05,1.75876920045123,NA,NA,NA,NA,NA,NA,0.000190600426477582,6.43152518261961e-05,NA,NA
"402","Phase 1","advanced blend loops",2017-11-06,"90% advanced
10% conventional","bulkwater","Loop_4","Batch_End",NA,0.000182455548018326,1.34461035818553,0.000153237557767568,1.39994312725407,2.92179902507579e-05,1.94108675099433,NA,NA,NA,NA,NA,NA,0.000182455548018326,2.92179902507579e-05,NA,NA
"403","Phase 2","advanced feedwater",2018-03-05,"100% advanced","bulkwater","advanced_feed","Batch_End",NA,0.103182312456664,1.10888370343461,0.000212972459970228,1.41700375351424,0.102969339996694,1.79931173097279,NA,NA,NA,NA,NA,NA,0.103182312456664,0.102969339996694,NA,NA
"404","not applicable","RO permeate",2017-09-21,"not applicable","bulkwater","RO_2stage",NA,NA,0.000199889339681086,1.02036540961493,3.56403923562257e-05,1.42889332058795,0.00016424894732486,1.75581368338429,NA,NA,NA,NA,NA,NA,0.000199889339681086,0.00016424894732486,NA,NA
"405","not applicable","RO permeate",2017-09-14,"not applicable","bulkwater","RO_2stage",NA,NA,0.000192375472882334,1.10233915491788,0.000107160644363651,1.38099878100944,8.52148285186835e-05,1.76700572880074,NA,NA,NA,NA,NA,NA,0.000192375472882334,8.52148285186835e-05,NA,NA
"407","Phase 2","advanced blend loops",2018-03-19,"90% advanced
10% conventional","bulkwater","Loop_3","Batch_End",NA,0.00116303061756378,1.0264437226255,0.000344879674941806,1.47745037260078,0.000818150942621975,1.79901259562447,NA,NA,NA,NA,NA,NA,0.00116303061756378,0.000818150942621975,NA,NA
"409","Phase 2","conventional feedwater",2018-02-19,"100% conventional","bulkwater","conventional_feed","Batch_End",NA,0.000203520540395083,1.16028479414778,0.000327505455139963,1.52902683804972,0,1.91942279735521,NA,NA,NA,NA,NA,NA,0.000203520540395083,1.83e-05,NA,NA
"410","Phase 2","transition loops (Phase 2)",2018-03-19,"90% advanced
10% conventional","bulkwater","Loop_2","Batch_End",NA,0.00113395606820041,1.06153551579515,0.000939588177370624,1.51126063909382,0.00019436789082979,1.84682602606979,NA,NA,NA,NA,NA,NA,0.00113395606820041,0.00019436789082979,NA,NA
"411","Phase 2","transition loops (Phase 2)",2018-02-04,"90% advanced
10% conventional","bulkwater","Loop_1","Batch_End",NA,0.00456544888665754,1.02280702816482,0.00143521939710422,1.57515891463757,0.00313022948955332,1.87810005676629,NA,NA,NA,NA,NA,NA,0.00456544888665754,0.00313022948955332,NA,NA
"412","Phase 2","conventional feedwater",2018-03-05,"100% conventional","bulkwater","conventional_feed","Batch_End",NA,0.00019808433559498,1.39796884862333,0.000492668898248135,1.83508990556068,0,2.30691826105997,NA,NA,NA,NA,NA,NA,0.00019808433559498,1.83e-05,NA,NA
"414","Phase 2","full-scale
distribution system
",2018-02-09,"not applicable","bulkwater","DWDS_67",NA,NA,0.0115802704794324,1.01891047826119,0.000980941659277697,4.15626462393057,0.0105993288201547,4.27933571794118,NA,NA,NA,NA,NA,NA,0.0115802704794324,0.0105993288201547,NA,NA
"447","not applicable","RO permeate",2017-11-14,"not applicable","bulkwater","RO_3stage",NA,NA,0.000125312716557253,1.015850973887,NA,NA,NA,NA,NA,NA,NA,NA,NA,NA,0.000125312716557253,NA,NA,NA
"473","not applicable","RO permeate",2017-10-10,"not applicable","bulkwater","RO_3stage",NA,NA,0.000104317373913624,1.0296277874114,NA,NA,NA,NA,NA,NA,NA,NA,NA,NA,0.000104317373913624,NA,NA,NA
"491","not applicable","RO permeate",2017-12-14,"not applicable","bulkwater","RO_2stage",NA,NA,0.000114909701933679,1.03650494395168,NA,NA,NA,NA,NA,NA,NA,NA,NA,NA,0.000114909701933679,NA,NA,NA
"513","not applicable","RO permeate",2017-11-07,"not applicable","bulkwater","RO_2stage",NA,NA,0.000140494516126774,1.05827337458758,NA,NA,NA,NA,NA,NA,NA,NA,NA,NA,0.000140494516126774,NA,NA,NA
"523","not applicable","RO permeate",2017-12-14,"not applicable","bulkwater","RO_3stage",NA,NA,0.000175350865240314,1.07523180941286,NA,NA,NA,NA,NA,NA,NA,NA,NA,NA,0.000175350865240314,NA,NA,NA
"530","not applicable","RO permeate",2017-10-10,"not applicable","bulkwater","RO_2stage",NA,NA,0.000127282391812682,1.09215578698796,NA,NA,NA,NA,NA,NA,NA,NA,NA,NA,0.000127282391812682,NA,NA,NA
"533","not applicable","RO permeate",2017-11-14,"not applicable","bulkwater","RO_2stage",NA,NA,0.000151459639767724,1.11130568861849,NA,NA,NA,NA,NA,NA,NA,NA,NA,NA,0.000151459639767724,NA,NA,NA
"535","Phase 2","advanced feedwater",2018-01-15,"100% advanced","bulkwater","advanced_feed","Batch_End",NA,0.0736445774606112,1.12772449492662,NA,NA,NA,NA,NA,NA,NA,NA,NA,NA,0.0736445774606112,NA,NA,NA
"752","not applicable","RO permeate",2017-11-07,"not applicable","bulkwater","RO_3stage",NA,NA,NA,NA,NA,NA,NA,NA,NA,NA,NA,NA,NA,NA,NA,NA,NA,NA
